{"test_acc": {"model1": {"accuracy": 92.18, "inference_throughput": 475.94291994759607, "parameters": 11.0}, "model2": {"accuracy": 91.63, "inference_throughput": 519.7220533619708, "parameters": 11.0}, "ensemble": {"accuracy": 92.11, "inference_time": 200.81758800941176, "parameters": 22.0}}, "training_curves": {"train_loss": [0.3101357155904983, 0.17889033881620095, 0.1506104538330255, 0.13319412069008374, 0.12125717053493372, 0.11259811371564865, 0.10446914563925502, 0.09904227898524592, 0.09350883905975202, 0.08993986819070368, 0.08473125699990855, 0.08197652076046688, 0.0782676142054244, 0.07549896985054397, 0.07188620521856573, 0.0693902133609921, 0.06721075744436572, 0.06503303281177347], "val_acc": [91.9, 92.29, 92.15, 92.27, 92.4, 92.46, 92.44, 92.65, 92.37, 92.56, 92.44, 92.55, 92.81, 92.47, 92.55, 92.51, 92.64, 92.76], "mutual_loss": [0.5216463089655763, 0.19920709481635412, 0.15742449391002472, 0.13708936086239906, 0.12506590000451945, 0.1151557887633578, 0.10895518486658795, 0.10429933639808585, 0.0990302238089684, 0.09573836939427229, 0.09139643131067958, 0.08939002772656301, 0.08669669268587336, 0.08380194017276786, 0.08211539404246564, 0.07980911542003909, 0.0781978998725978, 0.07587335265268343]}}