{"teacher": {"train_loss": [0.4661496274244671, 0.12066174034898083, 0.07577082424308546, 0.05229219224768134, 0.04126022916477614, 0.03613373474738659, 0.03357372879862976, 0.028933481051446722], "val_acc": [0.9426, 0.9539, 0.9611, 0.9537, 0.9585, 0.956, 0.9569, 0.9598]}, "student_soft": {"train_loss": [7.372824275836396, 4.788511277768559, 3.7083816040819064, 3.0090524586625755, 2.5615544966615427, 2.2587916344499437, 1.9900557598747766, 1.8366810890813223, 1.680540790953956, 1.5137001653067983, 1.1493492061718584, 1.051975806490682, 0.991033358886219, 0.9132374843088583, 0.8791172549176139, 0.8333980044998681, 0.7823486688990182, 0.74313190722237, 0.7085364724690921, 0.6776169018623547], "val_acc": [0.4536, 0.6547, 0.7339, 0.7357, 0.782, 0.8248, 0.8058, 0.8407, 0.8582, 0.8572, 0.8892, 0.8857, 0.8957, 0.8963, 0.9008, 0.8974, 0.9034, 0.9054, 0.9052, 0.9061]}, "student_attention": {"train_loss": [1.404495951466667, 1.0509517030974926, 0.8871253685067637, 0.7828595487835308, 0.7160011482314942, 0.6697965567104351, 0.6290797838768639, 0.6083055886978539, 0.5796970849791274, 0.5586441582003341, 0.49139834335817695, 0.4733857116379296, 0.45915711868685277, 0.4496075462419004, 0.44063847476301105, 0.4275548094377731, 0.42332623627620003, 0.41060880045540415, 0.4025897689330311, 0.39615366805475744], "val_acc": [0.5206, 0.6405, 0.7038, 0.7505, 0.7823, 0.7862, 0.8144, 0.8186, 0.8265, 0.8499, 0.8678, 0.8717, 0.8773, 0.8808, 0.8841, 0.8792, 0.8718, 0.8885, 0.8823, 0.8886], "attention_similarity": [-0.0014191331825207307, 0.00305612967994294, 0.0028449931982138395, 0.0021516330049467522, 0.002210382960756645, 0.0030241869375274718, 0.0033979774146971494, 0.0034839427327041667, 0.005720356766641423, 0.0044173509415970005, 0.00592711790246724, 0.005478953301635441, 0.005412532175785001, 0.004715658304328688, 0.005589232906769914, 0.0044022807630392, 0.00510921471905482, 0.0043253895997576695, 0.005077429077458344, 0.005338944395992292]}, "best_params": {"soft": {"alpha": 0.7, "temperature": 5}, "attention": {"alpha": 0.3}}, "compression_ratio": 2.104209918364405, "inference_speed": {"teacher": 321.90634809795534, "student_soft": 495.11009746941767, "student_att": 1847.9369173984926, "student_attention": 514.5152522781443}, "test_accuracies": {"teacher": 0.9627, "student_soft": 0.9047, "student_attention": 0.889}}